Song,Artist,sentiment_category
100 Grandkids,Mac Miller,positive
10:35,Tiësto,positive
"1, 2 Many",Luke Combs,positive
1901,Phoenix,positive
2055,Sleepy Hallow,positive
22,Taylor Swift,positive
24K Magic,Bruno Mars,positive
7 Summers,Morgan Wallen,negative
7 Years,Lukas Graham,positive
865,Morgan Wallen,positive
90's Country,Walker Hayes,positive
AA,Walker Hayes,positive
abcdefu (angrier),GAYLE,negative
Adam's Song,blink-182,negative
Ain’t That Some,Morgan Wallen,negative
Alive,Krewella,positive
All About It (feat. Ed Sheeran),Hoodie Allen,positive
All In My Head (Flex) (feat. Fetty Wap),Fifth Harmony,positive
All Night,Icona Pop,positive
All Night Longer REMIX (feat. B.o.B),Sammy Adams,negative
All Of The Lights,Kanye West,negative
All On Me,Devin Dawson,positive
All Summer Long,Kid Rock,positive
All The Right Moves,OneRepublic,positive
All The Small Things,blink-182,positive
All Time Low,Jon Bellion,positive
All To Myself,Dan + Shay,negative
All We Know,The Chainsmokers,positive
Almost Maybes,Jordan Davis,positive
Alone Together,Fall Out Boy,positive
American Country Love Song,Jake Owen,positive
Animals,Nickelback,positive
AOK,Tai Verdes,negative
As Good As I Once Was,Toby Keith,positive
Ashes,Stellar,positive
Asking for It,Shinedown,negative
Astronaut In The Ocean,Masked Wolf,negative
Attention,Charlie Puth,negative
Avalanche,WALK THE MOON,positive
Avalanche,Migos,negative
Baba O'Riley,The Who,positive
Back to Life (Birthdae),ScurtDae,positive
Backwood Bump,Waterloo Revival,positive
Bad At Love,Halsey,positive
Bad Blood,Taylor Swift,negative
Bad Boy,Yung Bae,positive
"Bad Case Of Loving You (Doctor, Doctor)",Robert Palmer,negative
Bad Company,Five Finger Death Punch,positive
Bad Girlfriend,Theory of a Deadman,negative
Bad Habits,Ed Sheeran,positive
Bad Moon Rising,Creedence Clearwater Revival,positive
Bad Mother F*cker,Machine Gun Kelly,negative
Bad Things,Machine Gun Kelly,positive
Bamboleo,Gipsy Kings,negative
Bandaid On A Bullet Hole,Morgan Wallen,positive
Bang!,AJR,positive
Bangarang (feat. Sirah),Skrillex,negative
Bang Bang,Jessie J,negative
Bawitdaba,Kid Rock,positive
Beachin',Jake Owen,positive
Beautiful Crazy,Luke Combs,positive
Beer Can,Luke Combs,negative
Beer Never Broke My Heart,Luke Combs,positive
Beggin',Måneskin,positive
Be Legendary,Pop Evil,positive
Believer,Imagine Dragons,positive
Best Shot,Jimmie Allen,positive
Better Days (NEIKED x Mae Muller x Polo G),NEIKED,negative
Better Together,Luke Combs,positive
"Big, Big Plans",Chris Lane,positive
Bitch Came Back,Theory of a Deadman,negative
Black,Dierks Bentley,positive
Black,Pearl Jam,positive
Black Out Days,Phantogram,positive
Black Out Days - Future Islands Remix,Phantogram,negative
Black Skinhead,Kanye West,negative
Blame (feat. John Newman),Calvin Harris,positive
Blank Space,Taylor Swift,positive
Blank Space,I Prevail,positive
Bleach (On the Rocks),John Harvie,negative
Bleed It Out,Linkin Park,positive
Blinding Lights,The Weeknd,negative
Blow,Kesha,negative
Blow Your Mind (Mwah),Dua Lipa,negative
Blue Ain't Your Color,Keith Urban,positive
Bodies,Drowning Pool,negative
Body Like A Back Road,Sam Hunt,negative
Bones,Imagine Dragons,positive
Bonfire,Childish Gambino,negative
Bonfire,Knife Party,positive
Booyah,Showtek,negative
The Booze Cruise,Blackjack Billy,negative
Bored To Death,blink-182,positive
The Box,Roddy Ricch,negative
Boyfriend,Dove Cameron,positive
Brand New,Ben Rector,negative
Brand New Man - with Luke Combs,Brooks & Dunn,positive
Broccoli,DRAM,negative
broken,lovelytheband,positive
Burning Down the House,Talking Heads,positive
Burning Man,Dierks Bentley,negative
Buttercup,Jack Stauber,positive
Buy Me a Boat,Chris Janson,positive
Cake By The Ocean,DNCE,negative
Can I Get an Outlaw,Luke Combs,negative
Can't Get Away from a Good Time,Logan Mize,positive
Car Radio,Twenty One Pilots,positive
Carry on Wayward Son,Kansas,positive
Castle on the Hill,Ed Sheeran,positive
Castle On the Hill,Ed Sheeran,positive
The Catalyst,Linkin Park,positive
Caught Up In The Country,Rodney Atkins,positive
Centuries,Fall Out Boy,positive
Centuries,Fall Out Boy,positive
The Chain - 2004 Remaster,Fleetwood Mac,positive
Changed My Mind,E-Dubble,positive
Chasin' You,Morgan Wallen,negative
Chattahoochee,Alan Jackson,negative
Cindy Lou,Justice Moses,positive
Cinema - Skrillex Radio Edit,Benny Benassi,positive
Circles,Post Malone,positive
Clarity,Zedd,positive
Classic,MKTO,positive
Close,Nick Jonas,positive
Closer,The Chainsmokers,negative
Close To Me,Ellie Goulding,negative
Closing Time,Semisonic,positive
Clubhouse,Mac Miller,positive
COFFIN,PLVTINUM,negative
Cold Water,Major Lazer,positive
Colors,Halsey,positive
Come a Little Closer,Cage The Elephant,positive
Come A Little Closer,Dierks Bentley,positive
Come And Get It,I Prevail,negative
Come & Go (with Marshmello),Juice WRLD,negative
Come On Eileen - Single Edit,Dexys Midnight Runners,negative
Coming Down,Five Finger Death Punch,negative
Confident,Demi Lovato,positive
Cool for the Summer,Demi Lovato,positive
"Courtesy Of The Red, White And Blue (The Angry American)",Toby Keith,positive
Cover Me Up,Morgan Wallen,negative
Cradles,Sub Urban,negative
Crazy Bitch,Buckcherry,negative
Crazy Girl,Eli Young Band,positive
Crossfire,Stephen,positive
Cupid's Chokehold / Breakfast in America,Gym Class Heroes,positive
The Cure,Lady Gaga,positive
Cut the Cord,Shinedown,positive
Dammit,blink-182,positive
Dance (A$$) Remix,Big Sean,negative
"Dance, Dance",Fall Out Boy,positive
Dance Monkey,Tones And I,positive
Dancing in My Room,347aidan,positive
Dancing in the Moonlight,Toploader,positive
Dancin - Krono Remix,Aaron Smith,positive
Dangerous,Big Data,positive
Dani California,Red Hot Chili Peppers,positive
Darkside,blink-182,negative
Day Drunk,Morgan Evans,negative
Daylight,Matt and Kim,positive
Daylight,Maroon 5,positive
Day 'N' Nite (nightmare),Kid Cudi,positive
Dear God,Hunter Hayes,positive
"deathwish (feat. nothing,nowhere.)",Stand Atlantic,negative
Deep End Freestyle,Sleepy Hallow,negative
Deja Vu,J. Cole,positive
Delirious (Boneless) (feat. Kid Ink),Steve Aoki,negative
Despacito,Luis Fonsi,positive
Desperate Man,Eric Church,positive
DEVIL,Shinedown,positive
Dicked Down in Dallas,Trey Lewis,negative
Dirt On My Boots,Jon Pardi,positive
Dirty Thoughts,Chloe Adams,negative
Dissolve,Absofacto,positive
Does To Me (feat. Eric Church),Luke Combs,positive
Do I,Luke Bryan,positive
Do It To It,ACRAZE,positive
Do I Wanna Know?,Arctic Monkeys,positive
Donald Trump,Mac Miller,negative
Don't Let Me Down,The Chainsmokers,negative
Don't Mind,Kent Jones,negative
Don't Start Now,Dua Lipa,negative
The Downfall of Us All,A Day To Remember,positive
Down On The Corner,Creedence Clearwater Revival,positive
Down with the Sickness,Disturbed,positive
Dreams - 2004 Remaster,Fleetwood Mac,positive
Dress,Charlotte Sands,negative
Drift Away,Uncle Kracker,positive
Drink Up,Train,positive
drivers license,Olivia Rodrigo,positive
Driving Me Crazy,Sammy Adams,negative
Drunk On A Plane,Dierks Bentley,positive
Drunk on Your Love,Brett Eldredge,negative
Dumb Ways to Die,Tangerine Kitty,positive
E,Matt Mason,positive
Earned It (Fifty Shades Of Grey),The Weeknd,positive
"Earned It (Fifty Shades Of Grey) - From The ""Fifty Shades Of Grey"" Soundtrack",The Weeknd,positive
Eighteen Cool,Hoodie Allen,positive
Electric Love,BØRNS,negative
Empire State Of Mind,JAY-Z,positive
Enemies,Shinedown,positive
Enemy (with JID) - from the series Arcane League of Legends,Imagine Dragons,positive
Even Though I'm Leaving,Luke Combs,positive
Everybody Wants To Rule The World,Tears For Fears,positive
Every Other Memory,Ryan Hurd,positive
EVOLVE,Shinedown,positive
Ex's & Oh's,Elle King,positive
Face Down,The Red Jumpsuit Apparatus,positive
Fall,Eminem,negative
Falling,Trevor Daniel,positive
Fall In Love,Bailey Zimmerman,positive
Fancy Like,Walker Hayes,negative
Farmer's Daughter,Rodney Atkins,positive
Fashionably Late,Falling In Reverse,positive
Fat Lip,Sum 41,positive
Feed the Machine,Poor Man's Poison,positive
Feeling Good,Michael Bublé,positive
Feel It Still,Portugal. The Man,negative
Feels Like Summer,Weezer,positive
Feel So Close - Radio Edit,Calvin Harris,positive
Fight Back,NEFFEX,positive
Fight Song,Rachel Platten,positive
Fine Apple,Nic D,positive
First Date,blink-182,positive
First Day Out,Tee Grizzley,positive
Fishin' in the Dark,Nitty Gritty Dirt Band,positive
Five More Hours,Deorro,positive
Fix,Chris Lane,negative
Fix a Drink,Chris Janson,positive
Flora-Bama,Kenny Chesney,positive
Flower,Moby,negative
FMRN,Lilyisthatyou,negative
Follow Me,Uncle Kracker,positive
forget me too (feat. Halsey),Machine Gun Kelly,positive
Fortunate Son,Creedence Clearwater Revival,positive
Fourth Of July,Fall Out Boy,positive
Freaks - Radio Edit,Timmy Trumpet,positive
Fresh Eyes,Andy Grammer,positive
Frick Park Market,Mac Miller,positive
FRIENDS,Marshmello,negative
Friends in Low Places,Brooks Jefferson,positive
The Funeral,Band of Horses,negative
Galway Girl,Ed Sheeran,positive
Galway Girl,Ed Sheeran,positive
Gasoline,Halsey,positive
Get Along,Kenny Chesney,positive
GET UP,Shinedown,positive
Get Up (Rattle),Bingo Players,negative
Get You Good,Roy Woods,negative
Gimme! Gimme! Gimme! (A Man After Midnight),ABBA,positive
Gimme Love,Joji,positive
Girls Like You,Maroon 5,negative
Give and Take,Poor Man's Poison,positive
"Give Me Everything (feat. Ne-Yo, Afrojack & Nayer)",Pitbull,positive
Gives You Hell,The All-American Rejects,positive
Glory Days,The Federal Empire,positive
God Gave Me You,Blake Shelton,positive
God's Country,Blake Shelton,positive
God's Plan,Drake,positive
Godzilla (feat. Juice WRLD),Eminem,negative
Go Flex,Post Malone,negative
Go Fuck Yourself,Two Feet,positive
Gold,Imagine Dragons,positive
Gold Digger,Kanye West,negative
Golddust,DJ Fresh,positive
Gone Away,Five Finger Death Punch,positive
"Gone, Gone, Gone",Phillip Phillips,positive
good 4 u,Olivia Rodrigo,positive
Good as Hell,Lizzo,positive
Good Day,Nappy Roots,positive
Good Directions,Billy Currington,positive
Good For You,Selena Gomez,negative
Good Old Days (feat. Kesha),Macklemore,positive
Good Time,Alan Jackson,negative
GOOD TIME,Niko Moon,positive
The Greatest (feat. Kendrick Lamar),Sia,positive
G.R.I.N.D. (Get Ready It's A New Day),Asher Roth,positive
Growin' Up and Gettin' Old,Luke Combs,positive
Guilty Pleasure,Bryce Vine,positive
Hail to the King,Avenged Sevenfold,positive
Hands To Myself,Selena Gomez,negative
The Hanging Tree,James Newton Howard,negative
Happier Than Ever,Billie Eilish,negative
HAPPINESS,NEEDTOBREATHE,positive
Happy Hour,Morgan Wallen,positive
Hard Times,Paramore,negative
Hate My Life,Theory of a Deadman,negative
Havana (feat. Young Thug),Camila Cabello,positive
Have You Ever Seen The Rain,Creedence Clearwater Revival,positive
HeadBand (feat. 2 Chainz),B.o.B,positive
Heading South,Zach Bryan,negative
Head Over Boots,Jon Pardi,positive
Headstrong,Trapt,positive
Heads Will Roll - A-Trak Remix Radio Edit,Yeah Yeah Yeahs,positive
Heartache On The Dance Floor,Jon Pardi,positive
Heart Attack,Demi Lovato,negative
Heartless,The Weeknd,negative
Heartless (feat. Morgan Wallen),Diplo,positive
Heat Waves (with iann dior),Glass Animals,positive
Heaven,Kane Brown,positive
Heavy (feat. Kiiara),Linkin Park,negative
Hell's Comin' with Me,Poor Man's Poison,negative
Hell Yeah,Rev Theory,positive
"Hey Look Ma, I Made It",Panic! At The Disco,positive
Hey Tonight,Creedence Clearwater Revival,positive
Hey Ya!,Outkast,negative
High Hopes,Panic! At The Disco,positive
The Hills,The Weeknd,positive
Hippies and Cowboys,Cody Jinks,positive
Hold Me Down,Halsey,negative
hole in the bottle (with Shania Twain),Kelsea Ballerini,positive
Honest,Kyndal Inskeep,positive
"Honey, I'm Good.",Andy Grammer,positive
Honky Tonk Badonkadonk,Trace Adkins,positive
Hotel Room Service,Pitbull,positive
hot girl bummer,blackbear,positive
How Did You Love,Shinedown,positive
Howlin' for You,The Black Keys,negative
Human,Rag'n'Bone Man,positive
Hungry Like the Wolf - 2009 Remaster,Duran Duran,positive
Hymn for the Weekend - Seeb Remix,Coldplay,positive
I Bet My Life,Imagine Dragons,positive
"I Can't Help Myself (Sugar Pie, Honey Bunch)",Four Tops,negative
I Cant Stop,Flux Pavilion,positive
I Could Use a Love Song,Maren Morris,positive
I Don't Care,Fall Out Boy,positive
I Don’t Wanna Live Forever (Fifty Shades Darker),ZAYN,positive
I Don't Want to Be - Radio Edit,Gavin DeGraw,positive
I Fall Apart,Post Malone,positive
If It Means a Lot to You,A Day To Remember,positive
"i hate u, i love u (feat. olivia o'brien)",gnash,positive
I Just Had Sex,The Lonely Island,positive
I Just Want You,Cole Swindell,positive
I Knew You Were Trouble.,Taylor Swift,negative
I Know What You Did Last Summer,Shawn Mendes,positive
I Left My Home,Mjhanks,positive
I Like It,Cardi B,negative
"I Like It, I Love It",Tim McGraw,positive
I Like To Move It,will.i.am,negative
I Like You (A Happier Song) (with Doja Cat),Post Malone,negative
I Love College,Asher Roth,negative
I Love My Country,Florida Georgia Line,negative
ily (i love you baby) (feat. Emilee),Surf Mesa,positive
I'm an Albatraoz,AronChupa,negative
I'm Gonna Be (500 Miles),The Proclaimers,positive
I'm Good,The Mowgli's,positive
I'm Good (Blue),David Guetta,positive
I'm in a Hurry (And Don't Know Why),Alabama,positive
I Miss You,blink-182,negative
Immortals,Fall Out Boy,positive
I'm Ready,AJR,positive
I’m So Sorry,Imagine Dragons,positive
In Between,Beartooth,positive
INDUSTRY BABY (feat. Jack Harlow),Lil Nas X,negative
I Need Your Love (feat. Ellie Goulding),Calvin Harris,positive
Inside Out (feat. Charlee) - DubVision Remix,The Chainsmokers,positive
In the Name of Love,Martin Garrix,positive
Into You,Ariana Grande,positive
In Your Eyes,The Weeknd,positive
I Put A Spell On You,Creedence Clearwater Revival,negative
I Quit Drinking,Kelsea Ballerini,negative
I Really Wish I Hated You,blink-182,positive
Irresistible,Fall Out Boy,positive
"The Island, Pt. I (Dawn)",Pendulum,positive
iSpy (feat. Lil Yachty),KYLE,positive
Issues,Julia Michaels,negative
It Ain’t Me (with Selena Gomez),Kygo,positive
It Ain't My Fault,Brothers Osborne,negative
I Think I'm OKAY (with YUNGBLUD & Travis Barker),Machine Gun Kelly,positive
I Took A Pill In Ibiza - Seeb Remix,Mike Posner,positive
It's A Great Day To Be Alive,Travis Tritt,positive
It's Called: Freefall,Rainbow Kitten Surprise,positive
It's Five O'Clock Somewhere (with Jimmy Buffett),Alan Jackson,positive
I WANNA BE YOUR SLAVE,Måneskin,positive
I Wanna Get Better,Bleachers,positive
I Want It That Way,Backstreet Boys,positive
I Was On a Boat That Day,Old Dominion,positive
I Write Sins Not Tragedies,Panic! At The Disco,positive
Jackie Chan,Tiësto,positive
Jet Pack Blues,Fall Out Boy,positive
Jimmy Choo,Fetty Wap,positive
Juliet - Single Edit,LMNT,positive
Jungle,X Ambassadors,positive
Just Drive,Erin Kinsey,positive
"Just Like Fire (From the Original Motion Picture ""Alice Through The Looking Glass"")",P!nk,positive
Just Look Up (From Don’t Look Up),Ariana Grande,positive
Kamikaze,Eminem,positive
Kanye,The Chainsmokers,positive
Kids,MGMT,positive
The Kids Aren't Alright,Fall Out Boy,positive
The Kids Aren't Alright,The Offspring,positive
Kill Em With Kindness,Selena Gomez,positive
killer queen,Mad Tsai,positive
Killshot,Eminem,negative
Kinda Like It Now,MOD SUN,negative
The Kind of Love We Make,Luke Combs,positive
Kinfolks,Sam Hunt,positive
King Kunta,Kendrick Lamar,positive
Kiss Me More (feat. SZA),Doja Cat,positive
Knife Talk (with 21 Savage ft. Project Pat),Drake,positive
Knock Knock,Mac Miller,positive
Kokomo,The Beach Boys,positive
Kool Aid & Frozen Pizza,Mac Miller,positive
Ladies And Gentlemen,Saliva,positive
Ladies Love Country Boys,Trace Adkins,positive
Lady Killers (feat. Hoodie Allen),G-Eazy,positive
Lady May,Tyler Childers,positive
Last Night,Morgan Wallen,negative
The Last Of The Real Ones,Fall Out Boy,positive
Last Resort,Papa Roach,negative
Lay It All on Me (feat. Ed Sheeran),Rudimental,positive
Lean On,Major Lazer,positive
Learned It From The Radio,Thomas Rhett,positive
Learn From It,Conner Smith,negative
Leave Before You Love Me (with Jonas Brothers),Marshmello,positive
Led,GOTOU寄生獣,negative
"Let Me Go (with Alesso, Florida Georgia Line & watt)",Hailee Steinfeld,positive
Let's Get It On,Marvin Gaye,positive
Let's Get Ridiculous,Redfoo,negative
Let's Groove,"Earth, Wind & Fire",positive
Let the Moonshine,Luke Combs,positive
Levels - Original Version,Avicii,positive
Levitating,Dua Lipa,positive
Life Ain't Easy,Mac Miller,positive
Life Goes On,Oliver Tree,positive
Lifelines,I Prevail,positive
Life's Too Short,Two Friends,negative
Lift Your Head Weary Sinner (Chains),Crowder,positive
Like A Wrecking Ball,Eric Church,positive
Lil Bit,Nelly,negative
Lions in the Wild,Martin Garrix,positive
Little Lion Man,Mumford & Sons,negative
A Little More Summertime,Jason Aldean,positive
Little Rain,Morgan Wallen,positive
Live Free,Mac Miller,positive
Livin' The Dream,Drake White,positive
Livin’ The Dream,Morgan Wallen,negative
Lookin' Out My Back Door,Creedence Clearwater Revival,positive
Look What God Gave Her,Thomas Rhett,positive
Loud and Heavy,Cody Jinks,positive
Love Drunk,Boys Like Girls,negative
Love Me Harder,Ariana Grande,positive
"Love Me Like You Do - From ""Fifty Shades Of Grey""",Ellie Goulding,positive
Love Myself,Hailee Steinfeld,positive
Love Story,Taylor Swift,positive
Love Tonight (David Guetta Remix Edit),Shouse,negative
Love You Like I Used To,Russell Dickerson,positive
Love Yourself,Justin Bieber,negative
Lovin' On You,Luke Combs,positive
LRAD,Knife Party,positive
Lucky You (feat. Joyner Lucas),Eminem,positive
Made For You,Jake Owen,positive
Magic In The Hamptons (feat. Lil Yachty),Social House,positive
Make Me Wanna,Thomas Rhett,positive
Make You Mine,High Valley,positive
Makin’ Me Look Good Again,Drake White,positive
Mama,Jonas Blue,positive
Mama Said,Lukas Graham,positive
Mamma Mia,ABBA,negative
A Man Without Love,Engelbert Humperdinck,positive
Marlboro Nights,Lonely God,positive
Marsh,Eminem,negative
Marvin Gaye (feat. Meghan Trainor),Charlie Puth,negative
Meant to Be (feat. Florida Georgia Line),Bebe Rexha,positive
Meet Me At Our Spot,THE ANXIETY,positive
"Me, Myself & I",G-Eazy,positive
Mercy,Shawn Mendes,positive
The Middle,Zedd,positive
The Middle,Zedd,positive
Midnight Special,Creedence Clearwater Revival,positive
Millionaire,Chris Stapleton,positive
Mind Your Manners (feat. Icona Pop),Chiddy Bang,positive
Mine,Taylor Swift,positive
Misery,blink-182,positive
Missed Calls,Mac Miller,positive
Missin' You Crazy,Jon Pardi,positive
Modern Love,Coasts,positive
Money for Nothing,Dire Straits,negative
MONTERO (Call Me By Your Name),Lil Nas X,positive
Mood (feat. iann dior),24kGoldn,positive
More Than My Hometown,Morgan Wallen,positive
Mount Everest,Labrinth,negative
Move Along,The All-American Rejects,positive
Mr. Brightside,The Killers,positive
Must Be Doin' Somethin' Right,Billy Currington,positive
My Body,Young the Giant,negative
My Boy,Elvie Shane,negative
My Boy - My Girl Version,Elvie Shane,negative
my ex's best friend (with blackbear),Machine Gun Kelly,positive
My Girl,Dylan Scott,negative
My Girl,The Temptations,positive
My Kinda Party,Jason Aldean,positive
My Name Is,Eminem,negative
My Oh My (feat. DaBaby),Camila Cabello,negative
My Songs Know What You Did In The Dark (Light Em Up),Fall Out Boy,negative
My Type,Saint Motel,positive
Natural,Imagine Dragons,positive
Neon Eyes,Morgan Wallen,positive
Never Be Like You (feat. Kai),Flume,positive
Never Be the Same - Radio Edit,Camila Cabello,negative
New Americana,Halsey,positive
Nightcall,Kavinsky,positive
The Nights,Avicii,positive
Night Shift,Jon Pardi,positive
Nightstand,Justus Bennetts,positive
Nobody But You (Duet with Gwen Stefani),Blake Shelton,positive
No Interruption,Hoodie Allen,positive
No More Trouble,Shamanic Dub,positive
No Role Modelz,J. Cole,negative
No Roots,Alice Merton,positive
No Sleep,Wiz Khalifa,positive
Not Afraid,Eminem,positive
Not Alike (feat. Royce Da 5'9),Eminem,positive
Nothin' But A Good Time - Remastered 2006,Poison,positive
Novocaine,Fall Out Boy,positive
No Way Out (feat. Shannon Saunders),Mashd N Kutcher,positive
Now Or Never,Halsey,positive
NUMB,Chri$tian Gate$,negative
Numb Little Bug,Em Beihold,negative
ocean eyes,Billie Eilish,positive
Ocean (feat. Khalid),Martin Garrix,positive
Ocean Man,Ween,positive
Oceans,Coasts,positive
Old Alabama (feat. Alabama),Brad Paisley,positive
ONE BEER (feat. Lauren Alaina & Devin Dawson),HARDY,negative
One Click Headshot - Original Mix,Feed Me,positive
One Last Time,Ariana Grande,negative
One Man Band,Old Dominion,positive
One Number Away,Luke Combs,negative
One Thing Right,Marshmello,positive
The Only Way I Know (with Luke Bryan and Eric Church),Jason Aldean,positive
On My Mind,Ellie Goulding,negative
On Top Of The World,Imagine Dragons,positive
Ooh La La,Faces,negative
oops!,Yung Gravy,negative
"Or Nah (feat. The Weeknd, Wiz Khalifa & DJ Mustard) - Remix",Ty Dolla $ign,negative
oui,Jeremih,negative
Overtime,Cash Cash,positive
overwhelmed - Chri$tian Gate$ remix,Royal & the Serpent,positive
PAINTING PICTURES,Superstar Pride,negative
Panda,Desiigner,negative
Parachute,Kyndal Inskeep,positive
Parachute,Chris Stapleton,positive
Paradise,George Ezra,positive
Paradise,Bazzi,positive
Paradise (feat. Dermot Kennedy),MEDUZA,positive
Paralyzed,Sueco,negative
Paris,The Chainsmokers,negative
Party On Fifth Ave.,Mac Miller,negative
Pepas,Farruko,positive
The Phoenix,Fall Out Boy,positive
Photograph,Ed Sheeran,positive
Photograph,Ed Sheeran,positive
PILLOWTALK,ZAYN,positive
Pink Lady - Original Mix,Feed Me,positive
Play Something Country,Brooks & Dunn,negative
Play That Song,Train,positive
Play with Fire (feat. Yacht Money),Sam Tinnesz,positive
Pocketful of Sunshine,Natasha Bedingfield,positive
Pompeii - Remix,Bastille,positive
Popular Monster,Falling In Reverse,positive
Porch Swing Angel,Muscadine Bloodline,positive
Post to Be (feat. Chris Brown & Jhene Aiko),Omarion,positive
The Pretender,Foo Fighters,positive
Providence,Poor Man's Poison,positive
Pumped Up Kicks,Foster The People,negative
Put Your Records On,Ritt Momney,positive
Radioactive,Imagine Dragons,negative
Raised on Country,Chris Young,positive
Rap God,Eminem,positive
Rasputin,Majestic,positive
Rather Be (feat. Jess Glynne),Clean Bandit,positive
Razor Sharp,Pegboard Nerds,positive
Ready or Not,Bridgit Mendler,positive
Ready or Not,Fugees,positive
Really Don't Care,Demi Lovato,negative
The Real Slim Shady,Eminem,negative
Reasons,Luke Combs,negative
Reckless,JAXSON GAMBLE,negative
Red Flag,Billy Talent,positive
REDNECKER,HARDY,negative
Redneck Yacht Club,Craig Morgan,negative
Red Ragtop,Tim McGraw,positive
Remember the Name (feat. Styles of Beyond),Fort Minor,negative
Renegades,X Ambassadors,positive
Ride,Twenty One Pilots,positive
Ride,Chase Rice,positive
Ride the Lightning (717 Tapes),Warren Zeiders,positive
The Ringer,Eminem,positive
Riptide,Vance Joy,positive
Rise,Katy Perry,positive
RISE,I Prevail,positive
River (feat. Ed Sheeran),Eminem,positive
Rockabye (feat. Sean Paul & Anne-Marie),Clean Bandit,positive
Rock 'n' Roll (Will Take You to the Mountain),Skrillex,positive
ROCKSTAR (feat. Roddy Ricch),DaBaby,negative
Rollercoaster,Bleachers,negative
Roots,Imagine Dragons,positive
Roses - Imanbek Remix,SAINt JHN,positive
Ruffneck - Full Flex,Skrillex,negative
Ruff Ryders' Anthem,DMX,negative
Rum,Brothers Osborne,negative
Rum Is The Reason,Toby Keith,positive
Rumor,Lee Brice,positive
The Run and Go,Twenty One Pilots,positive
Runaway (U & I),Galantis,positive
Run Through The Jungle,Creedence Clearwater Revival,positive
A Rush of Blood,Coasts,positive
Rx (Medicate),Theory of a Deadman,positive
Sabotage,Beastie Boys,negative
The Safety Dance - Short Version,Men Without Hats,positive
Sail,AWOLNATION,positive
Same Old Love,Selena Gomez,positive
Sand In My Boots,Morgan Wallen,negative
Santeria,Sublime,negative
Satellite,Rise Against,positive
Saturday Night,Bay City Rollers,positive
Saturdays,Chevelle,positive
Save The World - Knife Party Remix,Swedish House Mafia,positive
Save Your Tears,The Weeknd,negative
Savior,Rise Against,positive
Saxofuckingfon,Samir & Viktor,negative
Say It (feat. Tove Lo),Flume,positive
Say So,Doja Cat,positive
Say You Won't Let Go,James Arthur,positive
Scars,I Prevail,positive
Scary Monsters and Nice Sprites,Skrillex,positive
Second Chance,Shinedown,positive
Senior Skip Day,Mac Miller,negative
September,"Earth, Wind & Fire",positive
Seven Bridges Road - Live; 1999 Remaster,Eagles,positive
Seven Nation Army,The White Stripes,positive
Sex,The 1975,negative
S.E.X.,Nickelback,positive
Sex & Super Smash Bros.,KYLE,negative
Shape of You,Ed Sheeran,positive
Shark In The Water,V V Brown,positive
She Got the Best of Me,Luke Combs,positive
She Keeps Me Up,Nickelback,positive
She Likes It (feat. Jake Scott),Russell Dickerson,negative
Sheriff You Want To,Luke Combs,negative
She's Out Of Her Mind,blink-182,negative
She Thinks My Tractor's Sexy,Kenny Chesney,positive
Shivers,Ed Sheeran,positive
Short Change Hero,The Heavy,positive
Short Skirt Weather,Kane Brown,negative
Shotgun,George Ezra,positive
Shots - Broiler Remix,Imagine Dragons,positive
Shots & Squats,Vigiland,negative
Shout Out to My Ex,Little Mix,positive
The Show Goes On,Lupe Fiasco,positive
Shut Up and Dance,WALK THE MOON,positive
Side To Side,Ariana Grande,positive
Simple,Florida Georgia Line,positive
"Sit Still, Look Pretty",Daya,positive
Sixteen,Thomas Rhett,negative
Sixteen,Ellie Goulding,positive
Slow Motion,Trey Songz,positive
Small Town Boy,Dustin Lynch,positive
Smile Back,Mac Miller,positive
Smooth,Florida Georgia Line,positive
So Hott,Kid Rock,positive
Solo Dance,Martin Jensen,positive
Somebody,Natalie La Rose,positive
Someday,Sugar Ray,positive
Someday,The Strokes,positive
Someone I Used To Know,Zac Brown Band,positive
Someone You Loved,Lewis Capaldi,positive
Somethin' 'Bout A Truck,Kip Moore,positive
Something I Need,OneRepublic,positive
Something In The Way You Move,Ellie Goulding,positive
Something Just Like This,The Chainsmokers,positive
Somethin' I'm Good At,Brett Eldredge,positive
Song for Another Time,Old Dominion,positive
Song of the South,Alabama,positive
Son of A,Lakeview,positive
Son Of A Sinner,Jelly Roll,positive
Sorry,Justin Bieber,positive
Sorry Not Sorry,Demi Lovato,positive
Soul,Lee Brice,positive
The Sound,The 1975,negative
Sound of Madness,Shinedown,positive
Sound Of Your Heart,Shawn Hook,positive
Soundtrack 2 My Life,Kid Cudi,positive
Sour Patch Kids,Bryce Vine,positive
The South,The Cadillac Three,positive
Southern Nights,Glen Campbell,positive
Speak Now,Taylor Swift,positive
Spinnin,Connor Price,negative
The Spins,Mac Miller,positive
Spirits,The Strumbellas,positive
Springsteen,Eric Church,positive
Star Of The Show,Thomas Rhett,negative
Starving,Hailee Steinfeld,positive
State of My Head,Shinedown,positive
Stay A Little Longer,Brothers Osborne,negative
STAY (with Justin Bieber),The Kid LAROI,negative
Still Don't Know My Name,Labrinth,negative
Still Goin Down,Morgan Wallen,negative
Stitches,Shawn Mendes,positive
Stolen Dance,Milky Chance,positive
Story of My Life,One Direction,positive
Strange Behaviour - Original Mix,Feed Me,positive
Stressed Out,Twenty One Pilots,positive
Strip That Down,Liam Payne,negative
Stuck In Your Head,I Prevail,positive
Style,Taylor Swift,positive
Sucker for Pain,Lil Wayne,positive
Sugar,Maroon 5,positive
"Sugar, We're Goin Down",Fall Out Boy,negative
Summer,Calvin Harris,positive
Summit (feat. Ellie Goulding),Skrillex,negative
Sunday Best,Surfaces,positive
Sunroof,Nicky Youre,positive
Sunshine,Atmosphere,positive
Supalonely,BENEE,negative
Sway,Danielle Bradbery,positive
Sweet Home Alabama,Lynyrd Skynyrd,positive
Take a Walk,Passion Pit,positive
Take It All,Pop Evil,positive
Take It All Back 2.0,Judah & the Lion,positive
"Take Me Home, Country Roads",John Denver,positive
Take My Name,Parmalee,positive
Take Your Time,Sam Hunt,negative
Talk,Khalid,negative
Talking Body,Tove Lo,negative
Talk You Out Of It,Florida Georgia Line,positive
Tampa,Cico P,negative
Teenagers,My Chemical Romance,negative
Tell Me You Love Me,Demi Lovato,negative
Tennessee Whiskey,Chris Stapleton,positive
Tequila Makes Her Clothes Fall Off,Joe Nichols,negative
That's How You Know,Amy Adams,positive
That's How You Know (feat. Kid Ink & Bebe Rexha),Nico & Vinz,positive
That's What I Like,Bruno Mars,negative
THATS WHAT I WANT,Lil Nas X,positive
There's Nothing Holdin' Me Back,Shawn Mendes,positive
There Was This Girl,Riley Green,negative
Thinking out Loud,Ed Sheeran,positive
"This Ain't A Scene, It's An Arms Race",Fall Out Boy,negative
This Damn Song,Pecos & the Rooftops,positive
This Means War,Avenged Sevenfold,positive
Thnks fr th Mmrs,Fall Out Boy,positive
Thought You Should Know,Morgan Wallen,negative
A Thousand Miles,Vanessa Carlton,positive
Thunder,Imagine Dragons,positive
Tie Me Down,Taylor Ray Holbrook,positive
Tightrope,WALK THE MOON,positive
Tiimmy Turner,Desiigner,negative
Till I Collapse,Eminem,positive
'Til You Can't,Cody Johnson,positive
Too Good,Drake,positive
Treat You Better,Shawn Mendes,negative
Trenches,Pop Evil,positive
T-Shirt,Thomas Rhett,positive
Tsunami - Radio Edit,DVBBS,negative
Turnin' Me On,Blake Shelton,positive
Turn It Up,Oh The Larceny,positive
U Gurl,Walker Hayes,negative
Uma Thurman,Fall Out Boy,positive
UNAPOLOGETICALLY COUNTRY AS HELL,HARDY,negative
Unforgettable,Thomas Rhett,negative
Unholy (feat. Kim Petras),Sam Smith,positive
Unholy War,Jacob Banks,positive
Unison - Knife Party Remix,Porter Robinson,negative
Unsteady,X Ambassadors,negative
Unstoppable,The Score,negative
Until You Were Gone,The Chainsmokers,positive
Unwritten,Natasha Bedingfield,positive
Up All Night,ARTY,positive
Up Around The Bend,Creedence Clearwater Revival,negative
Up Down (feat. Florida Georgia Line),Morgan Wallen,positive
Uptown Funk (feat. Bruno Mars),Mark Ronson,positive
Up Up & Away,Kid Cudi,positive
Vacation,Thomas Rhett,positive
Vegas (From the Original Motion Picture Soundtrack ELVIS),Doja Cat,positive
Victoria's Secret,Jax,negative
Violet,Connor Price,positive
Wait,M83,positive
Wake Me Up Before You Go-Go,Wham!,positive
Wake Up,Mac Miller,positive
The Walker,Fitz and The Tantrums,negative
Walking On A Dream,Empire of the Sun,positive
Walls Could Talk,Halsey,positive
Warning,Morgan Wallen,negative
Wasted,Tiësto,negative
Wasted On You,Morgan Wallen,positive
Waste Love (feat. Madison Love),Machine Gun Kelly,negative
Wasting All These Tears,Austin Snell,negative
Watermelon Sugar,Harry Styles,positive
Way down We Go,KALEO,negative
The Way I Talk,Morgan Wallen,positive
We Come Running,Youngblood Hawke,positive
Weekend,Priory,negative
We Got The Beat,The Go-Go's,positive
Welcome to the Black Parade,My Chemical Romance,positive
Wellerman,The Longest Johns,positive
We Went,Randy Houser,positive
Whatever It Takes,Imagine Dragons,positive
What Guy Wouldn't,Waterloo Revival,positive
What I Can't Put Down,Jon Pardi,positive
What Ifs (feat. Lauren Alaina),Kane Brown,positive
What It's Like,Everlast,positive
What's My Age Again?,blink-182,negative
What You Know,Two Door Cinema Club,positive
When It Rains It Pours,Luke Combs,negative
Where The Hood At,DMX,negative
Wherever I Go,OneRepublic,positive
Whip It,DEVO,positive
Whiskey And Rain,Michael Ray,positive
Whiskey Glasses,Morgan Wallen,positive
White Walls (feat. ScHoolboy Q & Hollis),Macklemore & Ryan Lewis,positive
Why,Sabrina Carpenter,positive
Why We Drink,Justin Moore,positive
Wilder Days,Morgan Wade,positive
Wildest Dreams,Taylor Swift,positive
Wild Thing,JAXSON GAMBLE,positive
"Wine, Beer, Whiskey",Little Big Town,positive
Wishful Drinking (with Sam Hunt),Ingrid Andress,positive
Wish I Knew You,The Revivalists,positive
Without You,Luke Combs,positive
WITHOUT YOU,The Kid LAROI,negative
Wolves,Selena Gomez,positive
Wonderwall,Oasis,negative
Won't Go Down Easy,JAXSON GAMBLE,negative
Work from Home (feat. Ty Dolla $ign),Fifth Harmony,positive
Work Out,J. Cole,negative
Work This Body,WALK THE MOON,positive
X Gon' Give It To Ya,DMX,positive
Years,Alesso,positive
Yo No Sé Mañana,Christian Nodal,positive
You Belong With Me,Taylor Swift,negative
You Broke Up with Me,Walker Hayes,positive
Youngblood,5 Seconds of Summer,positive
Young Volcanoes,Fall Out Boy,positive
You Proof,Morgan Wallen,positive
"You're Gonna Go Far, Kid",The Offspring,positive
You're Somebody Else,flora cash,positive
Your Man,Josh Turner,positive
You Want My Sister,1 Hour Band,positive
Budapest,George Ezra,positive
All My Love,George Ezra,positive
Sugarcoat,George Ezra,positive
I Will Wait,Mumford & Sons,positive
Anti-Hero,Taylor Swift,positive
The Summoning,Sleep Token,positive
The Middle,Jimmy Eat World,positive
Addicted,Saving Abel,positive
Self Love,Avery Anna,negative
Mama,My Chemical Romance,positive
FEEL NOTHING,The Plot In You,positive
Just Pretend,Bad Omens,positive
Tuff,Jaah SLT,negative
Animal,Neon Trees,positive
Everything I Love,Morgan Wallen,positive
We Got the Moves,Electric Callboy,positive
I Ain't Worried,OneRepublic,positive
golden hour,JVKE,positive
Daylight,David Kushner,positive
Violet,Connor Price,positive
Spinnin,Connor Price,negative
Buddy,Connor Price,positive
Jordan Belfort,Wes Walker,negative
